{
  "version": 1,
  "totalRuns": 3,
  "totalSims": 597,
  "byDifficulty": {
    "2": {
      "bias": {
        "1": -0.03460628709304546,
        "2": -0.025544301810814355,
        "3": -0.06921257418609092,
        "4": -0.1232287246709866,
        "5": -0.06921257418609092
      },
      "runs": 1,
      "solvableFound": 1,
      "bestMcrGap": 0.15000000000000002,
      "totalSims": 208
    },
    "5": {
      "bias": {
        "1": -0.0010518628295758457,
        "2": -0.0012655109106213648,
        "3": -0.0012655109106213648,
        "4": -0.0025928140223318934,
        "5": -0.0025928140223318934
      },
      "runs": 1,
      "solvableFound": 1,
      "bestMcrGap": 0.4893617021276596,
      "totalSims": 193
    },
    "8": {
      "bias": {
        "1": 0.0,
        "2": 0.0,
        "3": 0.0,
        "4": 0.0,
        "5": 0.0
      },
      "runs": 1,
      "solvableFound": 1,
      "bestMcrGap": 0.56,
      "totalSims": 196
    }
  }
}