{
  "version": 1,
  "totalRuns": 4,
  "totalSims": 1047,
  "byDifficulty": {
    "3": {
      "bias": {
        "1": -0.04945743762731321,
        "2": -0.031233222673837723,
        "3": -0.03919409201052347,
        "4": -0.1395653327416545,
        "5": -0.1395653327416545
      },
      "runs": 2,
      "solvableFound": 2,
      "bestMcrGap": 0.30000000000000004,
      "totalSims": 516
    },
    "6": {
      "bias": {
        "1": -0.00733293649884091,
        "2": -0.004753511893287052,
        "3": -0.018731472081162954,
        "4": -0.018731472081162954,
        "5": -0.014321916592778861
      },
      "runs": 1,
      "solvableFound": 1,
      "bestMcrGap": 0.42931506849315065,
      "totalSims": 260
    },
    "9": {
      "bias": {
        "1": -0.038840838419264355,
        "2": -0.05489725670034766,
        "3": -0.062117190349388264,
        "4": -0.08234588505052148,
        "5": -0.12585093168177863
      },
      "runs": 1,
      "solvableFound": 1,
      "bestMcrGap": 0.06,
      "totalSims": 271
    }
  }
}